delivery_category,count,percentage
early,88644,91.88763346117965
late,5709,5.9179019384264535
on-time,2117,2.194464600393905
